{"cameraMode":{"drawMode":0,"name":"Shaded","section":"Shading Mode"},"sceneLighting":true,"audioPlay":false,"sceneViewState":{"m_AlwaysRefresh":false,"showFog":true,"showSkybox":true,"showFlares":true,"showImageEffects":true,"showParticleSystems":true,"showVisualEffectGraphs":true,"m_FxEnabled":true},"in2DMode":false,"pivot":{"x":0.03411582112312317,"y":-4.147712707519531,"z":-3.621058225631714},"rotation":{"x":-0.008221829310059548,"y":0.9376084804534912,"z":-0.34683993458747866,"w":-0.022224711254239084},"size":8.639503479003907,"orthographic":false}